AALI|tanggal pencatatan|09 des 1997
ABBA|tanggal pencatatan|03 apr 2002
ABDA|tanggal pencatatan|06 jul 1989
ABMM|tanggal pencatatan|06 des 2011
ACES|tanggal pencatatan|06 nov 2007
ACST|tanggal pencatatan|24 jun 2013
ADES|tanggal pencatatan|13 jun 1994
ADFO|tanggal pencatatan|01 jan 1911
ADHI|tanggal pencatatan|18 mar 2004
ADMF|tanggal pencatatan|31 mar 2004
ADMG|tanggal pencatatan|20 okt 1993
ADRO|tanggal pencatatan|16 jul 2008
AGAR|tanggal pencatatan|02 des 2019
AGII|tanggal pencatatan|28 sep 2016
AGRO|tanggal pencatatan|08 ags 2003
AGRS|tanggal pencatatan|22 des 2014
AHAP|tanggal pencatatan|14 sep 1990
AIMS|tanggal pencatatan|20 jul 2001
AISA|tanggal pencatatan|11 jun 1997
AKKU|tanggal pencatatan|01 nov 2004
AKPI|tanggal pencatatan|18 des 1992
AKRA|tanggal pencatatan|03 okt 1994
AKSI|tanggal pencatatan|13 jul 2001
ALDO|tanggal pencatatan|12 jul 2011
ALKA|tanggal pencatatan|12 jul 1990
ALMI|tanggal pencatatan|02 jan 1997
ALTO|tanggal pencatatan|10 jul 2012
AMAG|tanggal pencatatan|23 des 2005
AMAN|tanggal pencatatan|13 mar 2020
AMAR|tanggal pencatatan|09 jan 2020
AMFG|tanggal pencatatan|08 nov 1995
AMIN|tanggal pencatatan|10 des 2015
AMOR|tanggal pencatatan|14 jan 2020
AMRT|tanggal pencatatan|15 jan 2009
ANDI|tanggal pencatatan|16 ags 2018
ANJT|tanggal pencatatan|08 mei 2013
ANTM|tanggal pencatatan|27 nov 1997
APEX|tanggal pencatatan|05 jun 2013
APIC|tanggal pencatatan|18 des 2002
APII|tanggal pencatatan|29 okt 2013
APLI|tanggal pencatatan|01 mei 2000
APLN|tanggal pencatatan|11 nov 2010
ARCI|tanggal pencatatan|28 jun 2021
ARGO|tanggal pencatatan|07 jan 1991
ARII|tanggal pencatatan|08 nov 2011
ARKA|tanggal pencatatan|10 jul 2019
ARMY|tanggal pencatatan|21 jun 2017
ARNA|tanggal pencatatan|17 jul 2001
ARTA|tanggal pencatatan|05 nov 2002
ARTI|tanggal pencatatan|30 apr 2003
ARTO|tanggal pencatatan|12 jan 2016
ASBI|tanggal pencatatan|29 nov 1989
ASDM|tanggal pencatatan|15 des 1989
ASGR|tanggal pencatatan|15 nov 1989
ASII|tanggal pencatatan|04 apr 1990
ASJT|tanggal pencatatan|23 des 2003
ASMI|tanggal pencatatan|16 jan 2014
ASPI|tanggal pencatatan|17 feb 2020
ASRI|tanggal pencatatan|18 des 2007
ASRM|tanggal pencatatan|19 mar 1990
ASSA|tanggal pencatatan|12 nov 2012
ATAP|tanggal pencatatan|11 des 2020
ATIC|tanggal pencatatan|08 jul 2015
AUTO|tanggal pencatatan|15 jun 1998
AYLS|tanggal pencatatan|12 feb 2020
BABP|tanggal pencatatan|15 jul 2002
BACA|tanggal pencatatan|04 okt 2007
BAJA|tanggal pencatatan|21 des 2011
BALI|tanggal pencatatan|13 mar 2014
BANK|tanggal pencatatan|01 feb 2021
BAPA|tanggal pencatatan|14 jan 2008
BAPI|tanggal pencatatan|16 sep 2019
BATA|tanggal pencatatan|24 mar 1982
BAYU|tanggal pencatatan|30 okt 1989
BBCA|tanggal pencatatan|31 mei 2000
BBHI|tanggal pencatatan|07 jun 2004
BBKP|tanggal pencatatan|10 jul 2006
BBLD|tanggal pencatatan|07 mei 1990
BBMD|tanggal pencatatan|08 jul 2013
BBNI|tanggal pencatatan|25 nov 1996
BBRI|tanggal pencatatan|10 nov 2003
BBRM|tanggal pencatatan|09 jan 2013
BBSI|tanggal pencatatan|07 sep 2020
BBSS|tanggal pencatatan|15 apr 2020
BBTN|tanggal pencatatan|17 des 2009
BBYB|tanggal pencatatan|13 jan 2015
BCAP|tanggal pencatatan|08 jun 2001
BCIC|tanggal pencatatan|25 jun 1997
BCIP|tanggal pencatatan|11 des 2009
BDMN|tanggal pencatatan|06 des 1989
BEBS|tanggal pencatatan|10 mar 2021
BEEF|tanggal pencatatan|10 jan 2019
BEKS|tanggal pencatatan|13 jul 2001
BELL|tanggal pencatatan|03 okt 2017
BESS|tanggal pencatatan|09 mar 2020
BEST|tanggal pencatatan|10 apr 2012
BFIN|tanggal pencatatan|16 mei 1990
BGTG|tanggal pencatatan|12 mei 2016
BHAT|tanggal pencatatan|15 apr 2020
BHIT|tanggal pencatatan|24 nov 1997
BIKA|tanggal pencatatan|14 jul 2015
BIMA|tanggal pencatatan|30 ags 1994
BINA|tanggal pencatatan|16 jan 2014
BIPI|tanggal pencatatan|11 feb 2010
BIPP|tanggal pencatatan|23 okt 1995
BIRD|tanggal pencatatan|05 nov 2014
BISI|tanggal pencatatan|28 mei 2007
BJBR|tanggal pencatatan|08 jul 2010
BJTM|tanggal pencatatan|12 jul 2012
BKDP|tanggal pencatatan|15 jun 2007
BKSL|tanggal pencatatan|28 jul 1997
BKSW|tanggal pencatatan|21 nov 2002
BLTA|tanggal pencatatan|26 mar 1990
BLTZ|tanggal pencatatan|10 apr 2014
BLUE|tanggal pencatatan|08 jul 2019
BMAS|tanggal pencatatan|11 jul 2013
BMHS|tanggal pencatatan|06 jul 2021
BMRI|tanggal pencatatan|14 jul 2003
BMSR|tanggal pencatatan|29 des 1999
BMTR|tanggal pencatatan|17 jul 1995
BNBA|tanggal pencatatan|01 jun 2006
BNBR|tanggal pencatatan|28 ags 1989
BNGA|tanggal pencatatan|29 nov 1989
BNII|tanggal pencatatan|21 nov 1989
BNLI|tanggal pencatatan|15 jan 1990
BOGA|tanggal pencatatan|19 des 2016
BOLA|tanggal pencatatan|17 jun 2019
BOLT|tanggal pencatatan|07 jul 2015
BOSS|tanggal pencatatan|15 feb 2018
BPFI|tanggal pencatatan|01 jun 2009
BPII|tanggal pencatatan|08 jul 2014
BPTR|tanggal pencatatan|09 jul 2018
BRAM|tanggal pencatatan|05 sep 1990
BRIS|tanggal pencatatan|09 mei 2018
BRMS|tanggal pencatatan|09 des 2010
BRNA|tanggal pencatatan|06 nov 1989
BRPT|tanggal pencatatan|01 okt 1993
BSDE|tanggal pencatatan|06 jun 2008
BSIM|tanggal pencatatan|13 des 2010
BSSR|tanggal pencatatan|08 nov 2012
BSWD|tanggal pencatatan|01 mei 2002
BTEK|tanggal pencatatan|14 mei 2004
BTEL|tanggal pencatatan|03 feb 2006
BTON|tanggal pencatatan|18 jul 2001
BTPN|tanggal pencatatan|12 mar 2008
BTPS|tanggal pencatatan|08 mei 2018
BUDI|tanggal pencatatan|08 mei 1995
BUKK|tanggal pencatatan|29 jun 2015
BULL|tanggal pencatatan|23 mei 2011
BUMI|tanggal pencatatan|30 jul 1990
BUVA|tanggal pencatatan|12 jul 2010
BVIC|tanggal pencatatan|30 jun 1999
BWPT|tanggal pencatatan|27 okt 2009
BYAN|tanggal pencatatan|12 ags 2008
CAKK|tanggal pencatatan|31 okt 2018
CAMP|tanggal pencatatan|19 des 2017
CANI|tanggal pencatatan|16 jan 2014
CARE|tanggal pencatatan|13 mar 2020
CARS|tanggal pencatatan|10 apr 2017
CASA|tanggal pencatatan|19 jul 2016
CASH|tanggal pencatatan|04 mei 2020
CASS|tanggal pencatatan|05 des 2011
CBMF|tanggal pencatatan|09 apr 2020
CCSI|tanggal pencatatan|18 jun 2019
CEKA|tanggal pencatatan|09 jul 1996
CENT|tanggal pencatatan|01 nov 2001
CFIN|tanggal pencatatan|27 ags 1990
CINT|tanggal pencatatan|27 jun 2014
CITA|tanggal pencatatan|20 mar 2002
CITY|tanggal pencatatan|28 sep 2018
CLAY|tanggal pencatatan|18 jan 2019
CLEO|tanggal pencatatan|05 mei 2017
CLPI|tanggal pencatatan|30 nov 2001
CMNP|tanggal pencatatan|10 jan 1995
CMPP|tanggal pencatatan|08 des 1994
CNKO|tanggal pencatatan|20 nov 2001
CNTX|tanggal pencatatan|22 mei 1979
COCO|tanggal pencatatan|20 mar 2019
COWL|tanggal pencatatan|19 des 2007
CPIN|tanggal pencatatan|18 mar 1991
CPRI|tanggal pencatatan|11 apr 2019
CPRO|tanggal pencatatan|28 nov 2006
CSAP|tanggal pencatatan|12 des 2007
CSIS|tanggal pencatatan|10 mei 2017
CSMI|tanggal pencatatan|09 apr 2020
CSRA|tanggal pencatatan|09 jan 2020
CTBN|tanggal pencatatan|28 nov 1989
CTRA|tanggal pencatatan|28 mar 1994
CTTH|tanggal pencatatan|03 jul 1996
DADA|tanggal pencatatan|14 feb 2020
DART|tanggal pencatatan|08 mei 1990
DAYA|tanggal pencatatan|28 jun 2016
DCII|tanggal pencatatan|06 jan 2021
DEAL|tanggal pencatatan|11 nov 2018
DEFI|tanggal pencatatan|06 jul 2001
DEWA|tanggal pencatatan|26 sep 2007
DFAM|tanggal pencatatan|27 apr 2018
DGIK|tanggal pencatatan|19 des 2007
DGNS|tanggal pencatatan|15 jan 2021
DIGI|tanggal pencatatan|18 sep 2018
DILD|tanggal pencatatan|04 sep 1991
DIVA|tanggal pencatatan|27 nov 2018
DKFT|tanggal pencatatan|21 nov 1997
DLTA|tanggal pencatatan|27 feb 1984
DMAS|tanggal pencatatan|29 mei 2015
DMMX|tanggal pencatatan|21 okt 2019
DMND|tanggal pencatatan|22 jan 2020
DNAR|tanggal pencatatan|11 jul 2014
DNET|tanggal pencatatan|11 des 2000
DOID|tanggal pencatatan|15 jun 2001
DPNS|tanggal pencatatan|08 ags 1990
DPUM|tanggal pencatatan|08 des 2015
DSFI|tanggal pencatatan|24 mar 2000
DSNG|tanggal pencatatan|14 jun 2013
DSSA|tanggal pencatatan|10 des 2009
DUCK|tanggal pencatatan|10 okt 2018
DUTI|tanggal pencatatan|02 nov 1994
DVLA|tanggal pencatatan|11 nov 1994
DWGL|tanggal pencatatan|13 des 2017
DYAN|tanggal pencatatan|25 mar 2013
EAST|tanggal pencatatan|09 jul 2019
ECII|tanggal pencatatan|03 jul 2013
EDGE|tanggal pencatatan|08 feb 2021
EKAD|tanggal pencatatan|14 ags 1990
ELSA|tanggal pencatatan|06 feb 2008
ELTY|tanggal pencatatan|30 okt 1995
EMDE|tanggal pencatatan|12 jan 2011
EMTK|tanggal pencatatan|12 jan 2010
ENRG|tanggal pencatatan|07 jun 2004
ENVY|tanggal pencatatan|08 jul 2019
ENZO|tanggal pencatatan|14 sep 2020
EPAC|tanggal pencatatan|01 jul 2020
EPMT|tanggal pencatatan|01 ags 1994
ERAA|tanggal pencatatan|14 des 2011
ERTX|tanggal pencatatan|21 ags 1990
ESIP|tanggal pencatatan|14 nov 2019
ESSA|tanggal pencatatan|01 feb 2012
ESTA|tanggal pencatatan|09 mar 2020
ESTI|tanggal pencatatan|13 okt 1992
ETWA|tanggal pencatatan|16 mei 1997
EXCL|tanggal pencatatan|29 sep 2005
FAPA|tanggal pencatatan|04 jan 2021
FAST|tanggal pencatatan|11 mei 1993
FASW|tanggal pencatatan|19 des 1994
FILM|tanggal pencatatan|07 ags 2018
FIMP|tanggal pencatatan|09 apr 2021
FIRE|tanggal pencatatan|09 jun 2017
FISH|tanggal pencatatan|18 jan 2002
FITT|tanggal pencatatan|11 jun 2019
FLMC|tanggal pencatatan|08 jul 2021
FMII|tanggal pencatatan|30 jun 2000
FOOD|tanggal pencatatan|08 jan 2019
FORU|tanggal pencatatan|17 jan 2002
FORZ|tanggal pencatatan|28 apr 2017
FPNI|tanggal pencatatan|21 mar 2002
FREN|tanggal pencatatan|29 nov 2006
FUJI|tanggal pencatatan|09 jul 2019
GAMA|tanggal pencatatan|11 jul 2012
GDST|tanggal pencatatan|23 des 2009
GDYR|tanggal pencatatan|22 des 1980
GEMA|tanggal pencatatan|12 ags 2002
GEMS|tanggal pencatatan|17 nov 2011
GGRM|tanggal pencatatan|27 ags 1990
GGRP|tanggal pencatatan|19 sep 2019
GGST|tanggal pencatatan|01 jan 1911
GHON|tanggal pencatatan|09 apr 2018
GIAA|tanggal pencatatan|11 feb 2011
GJTL|tanggal pencatatan|08 mei 1990
GLOB|tanggal pencatatan|06 sep 2005
GLVA|tanggal pencatatan|23 des 2019
GMFI|tanggal pencatatan|10 okt 2017
GMTD|tanggal pencatatan|11 des 2000
GOLD|tanggal pencatatan|07 jul 2010
GOLL|tanggal pencatatan|23 des 2014
GOOD|tanggal pencatatan|10 okt 2018
GPRA|tanggal pencatatan|10 okt 2007
GRHA|tanggal pencatatan|01 jan 1911
GSMF|tanggal pencatatan|23 okt 1989
GTBO|tanggal pencatatan|09 jul 2009
GWSA|tanggal pencatatan|23 des 2011
GZCO|tanggal pencatatan|15 mei 2008
HADE|tanggal pencatatan|12 apr 2004
HDFA|tanggal pencatatan|10 mei 2011
HDIT|tanggal pencatatan|12 jul 2019
HDTX|tanggal pencatatan|06 jun 1990
HEAL|tanggal pencatatan|16 mei 2018
HELI|tanggal pencatatan|27 mar 2018
HERO|tanggal pencatatan|21 ags 1989
HEXA|tanggal pencatatan|13 feb 1995
HITS|tanggal pencatatan|15 des 1997
HKMU|tanggal pencatatan|09 okt 2018
HMSP|tanggal pencatatan|15 ags 1990
HOKI|tanggal pencatatan|22 jun 2017
HOME|tanggal pencatatan|17 jul 2008
HOMI|tanggal pencatatan|10 sep 2020
HOPE|tanggal pencatatan|24 mei 2021
HOTL|tanggal pencatatan|10 jan 2013
HRME|tanggal pencatatan|12 apr 2019
HRTA|tanggal pencatatan|21 jun 2017
HRUM|tanggal pencatatan|06 okt 2010
IATA|tanggal pencatatan|13 sep 2006
IBFN|tanggal pencatatan|22 des 2014
IBST|tanggal pencatatan|31 ags 2012
ICBP|tanggal pencatatan|07 okt 2010
ICON|tanggal pencatatan|08 jul 2005
IDPR|tanggal pencatatan|10 des 2015
IFII|tanggal pencatatan|10 des 2019
IFSH|tanggal pencatatan|05 des 2019
IGAR|tanggal pencatatan|05 nov 1990
IIKP|tanggal pencatatan|14 okt 2002
IKAI|tanggal pencatatan|04 jun 1997
IKAN|tanggal pencatatan|12 feb 2020
IKBI|tanggal pencatatan|21 jan 1991
IMAS|tanggal pencatatan|15 nov 1993
IMJS|tanggal pencatatan|10 des 2013
IMPC|tanggal pencatatan|17 des 2014
INAF|tanggal pencatatan|17 apr 2001
INAI|tanggal pencatatan|05 des 1994
INCF|tanggal pencatatan|06 sep 2016
INCI|tanggal pencatatan|24 jul 1990
INCO|tanggal pencatatan|16 mei 1990
INDF|tanggal pencatatan|14 jul 1994
INDO|tanggal pencatatan|13 jan 2020
INDR|tanggal pencatatan|03 ags 1990
INDS|tanggal pencatatan|10 ags 1990
INDX|tanggal pencatatan|17 mei 2001
INDY|tanggal pencatatan|11 jun 2008
INKP|tanggal pencatatan|16 jul 1990
INOV|tanggal pencatatan|10 jul 2019
INPC|tanggal pencatatan|23 ags 1990
INPP|tanggal pencatatan|12 jan 2004
INPS|tanggal pencatatan|06 apr 2018
INRU|tanggal pencatatan|18 jun 1990
INSA|tanggal pencatatan|01 jan 1911
INTA|tanggal pencatatan|23 ags 1993
INTD|tanggal pencatatan|18 des 1989
INTP|tanggal pencatatan|05 des 1989
IPAC|tanggal pencatatan|30 jun 2021
IPCC|tanggal pencatatan|09 jul 2018
IPCM|tanggal pencatatan|22 des 2017
IPOL|tanggal pencatatan|09 jul 2010
IPTV|tanggal pencatatan|08 jul 2019
IRRA|tanggal pencatatan|15 okt 2019
ISAT|tanggal pencatatan|19 okt 1994
ISSP|tanggal pencatatan|22 feb 2013
ITIC|tanggal pencatatan|04 jul 2019
ITMA|tanggal pencatatan|10 des 1990
ITMG|tanggal pencatatan|18 des 2007
JAST|tanggal pencatatan|16 mei 2019
JAWA|tanggal pencatatan|30 mei 2011
JAYA|tanggal pencatatan|21 feb 2019
JECC|tanggal pencatatan|18 nov 1992
JGLE|tanggal pencatatan|29 jun 2016
JIHD|tanggal pencatatan|29 feb 1984
JKON|tanggal pencatatan|04 des 2007
JKSW|tanggal pencatatan|06 ags 1997
JMAS|tanggal pencatatan|18 des 2017
JPFA|tanggal pencatatan|23 okt 1989
JRPT|tanggal pencatatan|29 jun 1994
JSKY|tanggal pencatatan|28 mar 2018
JSMR|tanggal pencatatan|12 nov 2007
JSPT|tanggal pencatatan|12 jan 1998
JTPE|tanggal pencatatan|16 apr 2002
KAEF|tanggal pencatatan|04 jul 2001
KARW|tanggal pencatatan|20 des 1994
KAYU|tanggal pencatatan|04 jul 2019
KBAG|tanggal pencatatan|08 apr 2020
KBLI|tanggal pencatatan|06 jul 1992
KBLM|tanggal pencatatan|01 jun 1992
KBLV|tanggal pencatatan|25 feb 2000
KBRI|tanggal pencatatan|11 jul 2008
KDSI|tanggal pencatatan|29 jul 1996
KEEN|tanggal pencatatan|02 sep 2019
KEJU|tanggal pencatatan|25 nov 2019
KIAS|tanggal pencatatan|08 des 1994
KICI|tanggal pencatatan|28 okt 1993
KIJA|tanggal pencatatan|10 jan 1995
KINO|tanggal pencatatan|11 des 2015
KIOS|tanggal pencatatan|05 okt 2017
KJEN|tanggal pencatatan|01 jul 2019
KKGI|tanggal pencatatan|01 jul 1991
KLBF|tanggal pencatatan|30 jul 1991
KMDS|tanggal pencatatan|07 sep 2020
KMTR|tanggal pencatatan|19 jun 2017
KOBX|tanggal pencatatan|05 jul 2012
KOIN|tanggal pencatatan|09 apr 2008
KONI|tanggal pencatatan|22 ags 1995
KOPI|tanggal pencatatan|04 mei 2015
KOTA|tanggal pencatatan|09 jul 2019
KPAL|tanggal pencatatan|08 jun 2018
KPAS|tanggal pencatatan|05 okt 2018
KPIG|tanggal pencatatan|30 mar 2000
KRAH|tanggal pencatatan|08 nov 2013
KRAS|tanggal pencatatan|10 nov 2010
KREN|tanggal pencatatan|28 jun 2002
LABA|tanggal pencatatan|10 jun 2021
LAND|tanggal pencatatan|23 ags 2018
LAPD|tanggal pencatatan|17 jul 2001
LCGP|tanggal pencatatan|13 jul 2007
LCKM|tanggal pencatatan|16 jan 2018
LEAD|tanggal pencatatan|11 des 2013
LFLO|tanggal pencatatan|07 apr 2021
LIFE|tanggal pencatatan|09 jul 2019
LINK|tanggal pencatatan|02 jun 2014
LION|tanggal pencatatan|20 ags 1993
LMAS|tanggal pencatatan|28 des 2001
LMPI|tanggal pencatatan|17 okt 1994
LMSH|tanggal pencatatan|04 jun 1990
LPCK|tanggal pencatatan|24 jul 1997
LPGI|tanggal pencatatan|22 jul 1997
LPIN|tanggal pencatatan|05 feb 1990
LPKR|tanggal pencatatan|28 jun 1996
LPLI|tanggal pencatatan|23 okt 1989
LPPF|tanggal pencatatan|09 okt 1989
LPPS|tanggal pencatatan|28 mar 1994
LRNA|tanggal pencatatan|15 apr 2014
LSIP|tanggal pencatatan|05 jul 1996
LTLS|tanggal pencatatan|21 jul 1997
LUCK|tanggal pencatatan|28 nov 2018
LUCY|tanggal pencatatan|05 mei 2021
MABA|tanggal pencatatan|22 jun 2017
MAGP|tanggal pencatatan|16 jan 2013
MAIN|tanggal pencatatan|10 feb 2006
MAMI|tanggal pencatatan|09 feb 1994
MAPA|tanggal pencatatan|05 jul 2018
MAPB|tanggal pencatatan|21 jun 2017
MAPI|tanggal pencatatan|10 nov 2004
MARI|tanggal pencatatan|11 feb 2016
MARK|tanggal pencatatan|12 jul 2017
MASA|tanggal pencatatan|09 jun 2005
MASB|tanggal pencatatan|30 jun 2021
MAYA|tanggal pencatatan|29 ags 1997
MBAP|tanggal pencatatan|10 jul 2014
MBSS|tanggal pencatatan|06 apr 2011
MBTO|tanggal pencatatan|13 jan 2011
MCAS|tanggal pencatatan|01 nov 2017
MCOR|tanggal pencatatan|03 jul 2007
MDIA|tanggal pencatatan|11 apr 2014
MDKA|tanggal pencatatan|19 jun 2015
MDKI|tanggal pencatatan|25 sep 2017
MDLN|tanggal pencatatan|18 jan 1993
MDRN|tanggal pencatatan|16 jul 1991
MEDC|tanggal pencatatan|12 okt 1994
MEGA|tanggal pencatatan|17 apr 2000
MERK|tanggal pencatatan|23 jul 1981
META|tanggal pencatatan|18 jul 2001
MFIN|tanggal pencatatan|06 sep 2005
MFMI|tanggal pencatatan|29 des 2010
MGLV|tanggal pencatatan|08 jun 2021
MGNA|tanggal pencatatan|08 jul 2014
MGRO|tanggal pencatatan|12 jul 2018
MICE|tanggal pencatatan|21 des 2005
MIDI|tanggal pencatatan|30 nov 2010
MIKA|tanggal pencatatan|24 mar 2015
MINA|tanggal pencatatan|28 apr 2017
MIRA|tanggal pencatatan|30 jan 1997
MITI|tanggal pencatatan|16 jul 1997
MKNT|tanggal pencatatan|26 okt 2015
MKPI|tanggal pencatatan|10 jul 2009
MLBI|tanggal pencatatan|15 des 1981
MLIA|tanggal pencatatan|17 jan 1994
MLPL|tanggal pencatatan|06 nov 1989
MLPT|tanggal pencatatan|08 jul 2013
MMLP|tanggal pencatatan|12 jun 2015
MNCN|tanggal pencatatan|22 jun 2007
MOLI|tanggal pencatatan|30 ags 2018
MPMX|tanggal pencatatan|29 mei 2013
MPOW|tanggal pencatatan|05 jul 2017
MPPA|tanggal pencatatan|21 des 1992
MPRO|tanggal pencatatan|09 okt 2018
MRAT|tanggal pencatatan|27 jul 1995
MREI|tanggal pencatatan|04 sep 1989
MSIN|tanggal pencatatan|08 jun 2018
MSKY|tanggal pencatatan|09 jul 2012
MTDL|tanggal pencatatan|09 apr 1990
MTFN|tanggal pencatatan|16 apr 1990
MTLA|tanggal pencatatan|20 jun 2011
MTPS|tanggal pencatatan|10 apr 2019
MTRA|tanggal pencatatan|10 feb 2016
MTSM|tanggal pencatatan|08 jan 1992
MTWI|tanggal pencatatan|12 okt 2017
MYOH|tanggal pencatatan|27 jul 2000
MYOR|tanggal pencatatan|04 jul 1990
MYRX|tanggal pencatatan|31 okt 1990
MYTX|tanggal pencatatan|10 okt 1989
NASA|tanggal pencatatan|07 ags 2017
NATO|tanggal pencatatan|18 jan 2019
NELY|tanggal pencatatan|11 okt 2012
NFCX|tanggal pencatatan|12 jul 2018
NICK|tanggal pencatatan|02 mei 2018
NICL|tanggal pencatatan|09 jul 2021
NIKL|tanggal pencatatan|14 des 2009
NIPS|tanggal pencatatan|24 jul 1991
NIRO|tanggal pencatatan|13 sep 2012
NISP|tanggal pencatatan|20 okt 1994
NOBU|tanggal pencatatan|20 mei 2013
NPGF|tanggal pencatatan|14 apr 2021
NRCA|tanggal pencatatan|27 jun 2013
NUSA|tanggal pencatatan|12 jul 2018
NZIA|tanggal pencatatan|25 sep 2019
OASA|tanggal pencatatan|18 jul 2016
OCAP|tanggal pencatatan|10 okt 2003
OKAS|tanggal pencatatan|29 mar 2006
OMRE|tanggal pencatatan|22 ags 1994
OPMS|tanggal pencatatan|23 sep 2019
PADI|tanggal pencatatan|09 jan 2012
PALM|tanggal pencatatan|08 okt 2012
PAMG|tanggal pencatatan|05 jul 2019
PANI|tanggal pencatatan|18 sep 2018
PANR|tanggal pencatatan|18 sep 2001
PANS|tanggal pencatatan|31 mei 2000
PBID|tanggal pencatatan|13 des 2017
PBRX|tanggal pencatatan|16 ags 1990
PBSA|tanggal pencatatan|28 sep 2016
PCAR|tanggal pencatatan|29 des 2017
PDES|tanggal pencatatan|08 jul 2008
PEGE|tanggal pencatatan|24 jun 2005
PEHA|tanggal pencatatan|26 des 2018
PGAS|tanggal pencatatan|15 des 2003
PGJO|tanggal pencatatan|08 jan 2020
PGLI|tanggal pencatatan|05 apr 2000
PGUN|tanggal pencatatan|07 jul 2020
PICO|tanggal pencatatan|23 sep 1996
PJAA|tanggal pencatatan|02 jul 2004
PKPK|tanggal pencatatan|11 jul 2007
PLAN|tanggal pencatatan|15 sep 2020
PLAS|tanggal pencatatan|16 mar 2001
PLIN|tanggal pencatatan|15 jun 1992
PMJS|tanggal pencatatan|18 des 2019
PMMP|tanggal pencatatan|18 des 2020
PNBN|tanggal pencatatan|29 des 1982
PNBS|tanggal pencatatan|15 jan 2014
PNGO|tanggal pencatatan|31 ags 2020
PNIN|tanggal pencatatan|20 sep 1983
PNLF|tanggal pencatatan|14 jun 1983
PNSE|tanggal pencatatan|01 mei 1990
POLA|tanggal pencatatan|16 nov 2018
POLI|tanggal pencatatan|10 jan 2019
POLL|tanggal pencatatan|11 jul 2018
POLU|tanggal pencatatan|26 jun 2019
POLY|tanggal pencatatan|12 mar 1991
POOL|tanggal pencatatan|20 mei 1991
PORT|tanggal pencatatan|16 mar 2017
POSA|tanggal pencatatan|10 mei 2019
POWR|tanggal pencatatan|14 jun 2016
PPGL|tanggal pencatatan|20 jul 2020
PPRE|tanggal pencatatan|24 nov 2017
PPRO|tanggal pencatatan|19 mei 2015
PRAS|tanggal pencatatan|12 jul 1990
PRDA|tanggal pencatatan|07 des 2016
PRIM|tanggal pencatatan|15 mei 2018
PSAB|tanggal pencatatan|22 apr 2003
PSDN|tanggal pencatatan|18 okt 1994
PSGO|tanggal pencatatan|25 nov 2019
PSKT|tanggal pencatatan|19 sep 1995
PSSI|tanggal pencatatan|05 des 2017
PTBA|tanggal pencatatan|23 des 2002
PTDU|tanggal pencatatan|08 des 2020
PTIS|tanggal pencatatan|12 jul 2011
PTPP|tanggal pencatatan|09 feb 2010
PTPW|tanggal pencatatan|07 feb 2020
PTRO|tanggal pencatatan|21 mei 1990
PTSN|tanggal pencatatan|08 nov 2007
PTSP|tanggal pencatatan|30 mei 1994
PUDP|tanggal pencatatan|18 nov 1994
PURA|tanggal pencatatan|22 jan 2020
PURE|tanggal pencatatan|09 okt 2019
PURI|tanggal pencatatan|08 sep 2020
PWON|tanggal pencatatan|09 okt 1989
PYFA|tanggal pencatatan|16 okt 2001
PZZA|tanggal pencatatan|23 mei 2018
RAJA|tanggal pencatatan|19 apr 2006
RALS|tanggal pencatatan|24 jul 1996
RANC|tanggal pencatatan|07 jun 2012
RBMS|tanggal pencatatan|19 des 1997
RDTX|tanggal pencatatan|14 mei 1990
REAL|tanggal pencatatan|06 des 2019
RELI|tanggal pencatatan|13 jul 2005
RICY|tanggal pencatatan|22 jan 1998
RIGS|tanggal pencatatan|05 mar 1990
RIMO|tanggal pencatatan|10 nov 2000
RISE|tanggal pencatatan|09 jul 2018
RMBA|tanggal pencatatan|05 mar 1990
ROCK|tanggal pencatatan|10 sep 2020
RODA|tanggal pencatatan|22 okt 2001
RONY|tanggal pencatatan|09 apr 2020
ROTI|tanggal pencatatan|28 jun 2010
RUIS|tanggal pencatatan|12 jul 2006
SAFE|tanggal pencatatan|15 ags 1994
SAME|tanggal pencatatan|11 jan 2013
SAMF|tanggal pencatatan|31 mar 2020
SAPX|tanggal pencatatan|03 okt 2018
SATU|tanggal pencatatan|05 nov 2018
SBAT|tanggal pencatatan|08 apr 2020
SCCO|tanggal pencatatan|20 jul 1982
SCMA|tanggal pencatatan|16 jul 2002
SCNP|tanggal pencatatan|07 sep 2020
SCPI|tanggal pencatatan|08 jun 1990
SDMU|tanggal pencatatan|12 jul 2011
SDPC|tanggal pencatatan|07 mei 1990
SDRA|tanggal pencatatan|15 des 2006
SFAN|tanggal pencatatan|19 jun 2019
SGER|tanggal pencatatan|10 ags 2020
SGRO|tanggal pencatatan|18 jun 2007
SHID|tanggal pencatatan|08 mei 1990
SHIP|tanggal pencatatan|16 jun 2016
SIDO|tanggal pencatatan|18 des 2013
SILO|tanggal pencatatan|12 sep 2013
SIMA|tanggal pencatatan|03 jun 1994
SIMM|tanggal pencatatan|01 jan 1911
SIMP|tanggal pencatatan|09 jun 2011
SINI|tanggal pencatatan|08 nov 2019
SIPD|tanggal pencatatan|27 des 1996
SKBM|tanggal pencatatan|28 sep 2012
SKLT|tanggal pencatatan|08 sep 1993
SKRN|tanggal pencatatan|11 okt 2018
SKYB|tanggal pencatatan|07 jul 2010
SLIS|tanggal pencatatan|07 okt 2019
SMAR|tanggal pencatatan|20 nov 1992
SMBR|tanggal pencatatan|28 jun 2013
SMCB|tanggal pencatatan|10 ags 1977
SMDM|tanggal pencatatan|12 okt 1995
SMDR|tanggal pencatatan|05 jul 1999
SMGR|tanggal pencatatan|08 jul 1991
SMKL|tanggal pencatatan|11 jul 2019
SMMA|tanggal pencatatan|05 jul 1995
SMMT|tanggal pencatatan|01 des 1997
SMRA|tanggal pencatatan|07 mei 1990
SMRU|tanggal pencatatan|10 okt 2011
SMSM|tanggal pencatatan|09 sep 1996
SNLK|tanggal pencatatan|29 mar 2021
SOCI|tanggal pencatatan|03 des 2014
SOFA|tanggal pencatatan|07 jul 2020
SOHO|tanggal pencatatan|08 sep 2020
SONA|tanggal pencatatan|21 jul 1992
SOSS|tanggal pencatatan|06 nov 2018
SOTS|tanggal pencatatan|10 des 2018
SPMA|tanggal pencatatan|16 nov 1994
SPOT|tanggal pencatatan|01 jan 1911
SPTO|tanggal pencatatan|14 mei 2018
SQMI|tanggal pencatatan|15 jul 2004
SRAJ|tanggal pencatatan|11 apr 2011
SRIL|tanggal pencatatan|17 jun 2013
SRSN|tanggal pencatatan|11 jan 1993
SRTG|tanggal pencatatan|26 jun 2013
SSIA|tanggal pencatatan|27 mar 1997
SSMS|tanggal pencatatan|12 des 2013
SSTM|tanggal pencatatan|20 ags 1997
STAR|tanggal pencatatan|13 jul 2011
STTP|tanggal pencatatan|16 des 1996
SUDI|tanggal pencatatan|01 jan 1911
SUGI|tanggal pencatatan|19 jun 2002
SULI|tanggal pencatatan|21 mar 1994
SUPR|tanggal pencatatan|11 okt 2011
SURE|tanggal pencatatan|05 okt 2018
SWAT|tanggal pencatatan|08 jun 2018
TALF|tanggal pencatatan|17 jan 2014
TAMA|tanggal pencatatan|10 feb 2020
TAMU|tanggal pencatatan|10 mei 2017
TAPG|tanggal pencatatan|12 apr 2021
TARA|tanggal pencatatan|11 jul 2014
TAXI|tanggal pencatatan|02 nov 2012
TBIG|tanggal pencatatan|26 okt 2010
TBLA|tanggal pencatatan|14 feb 2000
TBMS|tanggal pencatatan|23 mei 1990
TCID|tanggal pencatatan|30 sep 1993
TCPI|tanggal pencatatan|06 jul 2018
TDPM|tanggal pencatatan|09 apr 2018
TEBE|tanggal pencatatan|18 nov 2019
TECH|tanggal pencatatan|04 jun 2020
TELE|tanggal pencatatan|12 jan 2012
TFAS|tanggal pencatatan|17 sep 2019
TFCO|tanggal pencatatan|26 feb 1980
TGKA|tanggal pencatatan|11 jun 1990
TGRA|tanggal pencatatan|16 mei 2017
TIFA|tanggal pencatatan|08 jul 2011
TINS|tanggal pencatatan|19 okt 1995
TIRA|tanggal pencatatan|27 jul 1993
TIRT|tanggal pencatatan|13 des 1999
TKIM|tanggal pencatatan|03 apr 1990
TLKM|tanggal pencatatan|14 nov 1995
TMAS|tanggal pencatatan|09 jul 2003
TMPO|tanggal pencatatan|08 jan 2001
TNCA|tanggal pencatatan|28 jun 2018
TOBA|tanggal pencatatan|06 jul 2012
TOPS|tanggal pencatatan|16 jun 2017
TOTL|tanggal pencatatan|25 jul 2006
TOTO|tanggal pencatatan|30 okt 1990
TOWR|tanggal pencatatan|08 mar 2010
TOYS|tanggal pencatatan|06 ags 2020
TPEN|tanggal pencatatan|01 jan 1911
TPIA|tanggal pencatatan|26 mei 2008
TPMA|tanggal pencatatan|20 feb 2013
TRAM|tanggal pencatatan|10 sep 2008
TRIL|tanggal pencatatan|28 jan 2008
TRIM|tanggal pencatatan|31 jan 2000
TRIN|tanggal pencatatan|15 jan 2020
TRIO|tanggal pencatatan|14 apr 2009
TRIS|tanggal pencatatan|28 jun 2012
TRJA|tanggal pencatatan|27 ags 2020
TRST|tanggal pencatatan|02 jul 1990
TRUE|tanggal pencatatan|10 jun 2021
TRUK|tanggal pencatatan|23 mei 2018
TRUS|tanggal pencatatan|28 nov 2002
TSPC|tanggal pencatatan|17 jun 1994
TUGU|tanggal pencatatan|28 mei 2018
TURI|tanggal pencatatan|16 mei 1995
UANG|tanggal pencatatan|06 jul 2020
UCID|tanggal pencatatan|20 des 2019
UFOE|tanggal pencatatan|01 feb 2021
ULTJ|tanggal pencatatan|02 jul 1990
UNIC|tanggal pencatatan|06 nov 1989
UNIQ|tanggal pencatatan|08 mar 2021
UNIT|tanggal pencatatan|18 apr 2002
UNSP|tanggal pencatatan|06 mar 1990
UNTR|tanggal pencatatan|19 sep 1989
UNVR|tanggal pencatatan|11 jan 1982
URBN|tanggal pencatatan|10 des 2018
VICI|tanggal pencatatan|17 des 2020
VICO|tanggal pencatatan|08 jul 2013
VINS|tanggal pencatatan|28 sep 2015
VIVA|tanggal pencatatan|21 nov 2011
VOKS|tanggal pencatatan|20 des 1990
VRNA|tanggal pencatatan|25 jun 2008
WAPO|tanggal pencatatan|22 jun 2001
WEGE|tanggal pencatatan|30 nov 2017
WEHA|tanggal pencatatan|31 mei 2007
WICO|tanggal pencatatan|08 ags 1994
WIFI|tanggal pencatatan|30 des 2020
WIIM|tanggal pencatatan|18 des 2012
WIKA|tanggal pencatatan|29 okt 2007
WINS|tanggal pencatatan|29 nov 2010
WMUU|tanggal pencatatan|02 feb 2021
WOMF|tanggal pencatatan|13 des 2004
WOOD|tanggal pencatatan|21 jun 2017
WOWS|tanggal pencatatan|08 nov 2019
WSBP|tanggal pencatatan|20 sep 2016
WSKT|tanggal pencatatan|19 des 2012
WTON|tanggal pencatatan|08 apr 2014
YELO|tanggal pencatatan|29 okt 2018
YPAS|tanggal pencatatan|05 mar 2008
YULE|tanggal pencatatan|10 des 2004
ZADI|tanggal pencatatan|01 jan 1911
ZBRA|tanggal pencatatan|01 ags 1991
ZINC|tanggal pencatatan|16 okt 2017
ZONE|tanggal pencatatan|12 des 2018
ZYRX|tanggal pencatatan|30 mar 2021
